context_precision_no_ref,faithfulness,answer_relevancy,user_input,retrieved_contexts,response
0.0,0.0,0.7543826954016085,Describe gold,"['Gold is a chemical element; it has chemical symbol Au and atomic number 79. In its pure form, it is a bright, slightly orange-yellow, dense, soft, malleable, and ductile metal. Chemically, gold is a transition metal, a group 11 element, and one of the noble metals. It is one of the least reactive chemical elements, being the second-lowest in the reactivity series. It is solid under standard conditions.']",Is there anything else you'd like to know about gold?
0.9999999999,1.0,0.750256183296305,What does the document say about copper?,"['Copper\n- DESCRIPTION: Copper is a reddish-brown metal known for its high electrical and thermal conductivity. \nIt is one of the oldest metals used by humans.\n- INDUSTRIAL USES: opper is essential in power generation and transmission, building wiring, plumbing, and \nthe manufacturing of electronics and motors. It is also used in alloys like bronze and brass.\n- 2023 PRICE: 0.0098 USD/gram']","Copper is a reddish-brown metal known for its high electrical and thermal conductivity. It is one of the oldest metals used by humans. Copper is essential in power generation and transmission, building wiring, plumbing, and the manufacturing of electronics and motors. It is also used in alloys like bronze and brass. The current price of copper is $0.0098 USD/gram."
0.9999999999,1.0,0.8232893249528269,What does the PDF say about the industrial uses of copper?,"['Copper\n- DESCRIPTION: Copper is a reddish-brown metal known for its high electrical and thermal conductivity. \nIt is one of the oldest metals used by humans.\n- INDUSTRIAL USES: opper is essential in power generation and transmission, building wiring, plumbing, and \nthe manufacturing of electronics and motors. It is also used in alloys like bronze and brass.\n- 2023 PRICE: 0.0098 USD/gram']","Copper has several industrial uses, including:

* Power generation and transmission
* Building wiring
* Plumbing
* Manufacturing of electronics and motors
* Alloys like bronze and brass.

The current price of copper in 2023 is $0.0098 USD/gram."
0.9999999999,1.0,0.5651920756045197,Can you give me the description and price of silver from the document?,"['Silver\n- DESCRIPTION: Silver is a soft, white, lustrous metal known for its highest electrical and thermal \nconductivity among all elements. It tarnishes upon exposure to air and sulfur compounds.\n- INDUSTRIAL USES: Silver is extensively used in electrical conductors, solar panels, medical devices (due to \nits antibacterial properties), photography (although declining), and jewelry.\n- 2023 PRICE: 1.0523 USD/gram']","Silver has a high electrical and thermal conductivity among all elements. It is extensively used in electrical conductors, solar panels, medical devices, photography, and jewelry. The current price of silver is $1.0523 USD/gram."
0.9999999999,1.0,0.7605300432074396,What does the document mention about palladium's applications?,"['Palladium\n- DESCRIPTION: Palladium is a rare, silvery-white metal with excellent catalytic efficiency. Like platinum, \nit belongs to the platinum group.\n- INDUSTRIAL USES: It is primarily used in catalytic converters, electronics, dentistry, and hydrogen \npurification systems. Its demand has increased due to stricter emission standards.\n- 2023 PRICE: 35.8252 USD/gram']","Palladium is a rare, silvery-white metal with excellent catalytic efficiency. It is primarily used in catalytic converters, electronics, dentistry, and hydrogen purification systems. Its demand has increased due to stricter emission standards. The current price of palladium is $35.8252 USD/gram."
0.9999999999,0.75,0.8644987012845977,Whatâ€™s the current market price of gold?,['The latest gold price was 3452.60 USD per ounce on 2025-06-13.'],"According to Yahoo Finance, the current market price of gold is $3452.60 per ounce as of June 13, 2025."
0.9999999999,1.0,0.7762636059484632,How much is silver trading at today?,['The latest silver price was 36.37 USD per ounce on 2025-06-13.'],"As of the current market, silver is trading at approximately 36.37 USD per ounce."
0.9999999999,0.4,0.780261197668191,Can you check the latest price of copper and describe it?,"['The latest copper price was 4.75 USD per ounce on 2025-06-13.', 'Copper is a chemical element; it has symbol Cu and atomic number 29. It is a soft, malleable, and ductile metal with very high thermal and electrical conductivity. A freshly exposed surface of pure copper has a pinkish-orange color. Copper is used as a conductor of heat and electricity, as a building material, and as a constituent of various metal alloys, such as sterling silver used in jewelry, cupronickel used to make marine hardware and coins, and constantan used in strain gauges and thermocouples for temperature measurement.']","The current copper price is 4.75 USD per ounce. Copper is a chemical element with the symbol Cu and atomic number 29. It's a soft, malleable, and ductile metal with high thermal and electrical conductivity."
0.9999999999,1.0,0.8695912256341454,What is platinum and what are its main characteristics?,"['Platinum is a chemical element; it has symbol Pt and atomic number 78. It is a dense, malleable, ductile, highly unreactive, precious, silverish-white transition metal. Its name originates from Spanish platina, a diminutive of plata ""silver"".']","Platinum is a dense, malleable, ductile, and highly unreactive transition metal with a silverish-white appearance. It has the symbol Pt and atomic number 78."
0.9999999999,1.0,0.7472765832816002,What's the technical description of silver,"[""Silver is a chemical element; it has symbol Ag and atomic number 47. A soft, whitish-gray, lustrous transition metal, it exhibits the highest electrical conductivity, thermal conductivity, and reflectivity of any metal. Silver is found in the Earth's crust in the pure, free elemental form, as an alloy with gold and other metals, and in minerals such as argentite and chlorargyrite. Most silver is produced as a byproduct of copper, gold, lead, and zinc refining.""]","According to Wikipedia, Silver is a chemical element; it has symbol Ag and atomic number 47. A soft, whitish-gray, lustrous transition metal, it exhibits the highest electrical conductivity, thermal conductivity, and reflectivity of any metal. Silver is found in the Earth's crust in the pure, free elemental form, as an alloy with gold and other metals, and in minerals such as argentite and chlorargyrite. Most silver is produced as a byproduct of copper, gold, lead, and zinc refining."
